title,link,description,source_time,timestamp
"Mapping the Worlds Readiness for Artificial Intelligence Shows Prospects 
Diverge",https://www.imf.org/en/Blogs/Articles/2024/06/25/mapping-the-worlds-readiness-for-artificial-intelligence-shows-prospects-diverge,"New AI Preparedness Index Dashboard tracks 174 economies based on their 
digital infrastructure, human capital, labor policies, innovation, 
integration and...",2 weeks ago,2024-06-25 01:24:44
"New AI Tools, Meta Verified and More for Businesses on WhatsApp",https://about.fb.com/news/2024/06/new-ai-tools-meta-verified-and-more-for-businesses-on-whatsapp/,"We shared the latest WhatsApp product updates for businesses, including AI 
tools, Meta Verified and expanded calling support, at Conversations, our 
annual...",1 month ago,2024-06-09 01:24:44
iHuman: AI and Humanity,https://www.aljazeera.com/program/al-jazeera-documentaries/2024/7/2/ihuman-ai-and-humanity,"Artificial Intelligence, power and social control – an exploration of what 
AI could mean for humanity.",6 days ago,2024-07-03 01:24:44
"AI can beat real university students in exams, study suggests",https://www.bbc.com/news/articles/cqqqln0eg65o,"University exams taken using artificial intelligence beat those by real 
students, in a limited study.",2 weeks ago,2024-06-25 01:24:44
How AI is changing warfare,https://www.economist.com/briefing/2024/06/20/how-ai-is-changing-warfare,"An AI-assisted general staff may be more important than killer robots | 
Briefing.",2 weeks ago,2024-06-25 01:24:44
China's Bid to Lead the World in AI,https://thediplomat.com/2024/07/chinas-bid-to-lead-the-world-in-ai/,"The Diplomat author Mercy Kuo regularly engages subject-matter experts, 
policy practitioners, and strategic thinkers across the globe for their 
diverse...",1 day ago,2024-07-08 01:24:44
"I Wore Meta Ray-Bans in Montreal to Test Their AI Translation Skills. It 
Did Not Go Well",https://www.wired.com/story/meta-ray-ban-ai-translation-skills-do-not-work-well/,"WIRED took Meta's Ray-Ban Smart Glasses to French-speaking Canada to trial 
its AI smarts. Quelle catastrophe!",2 weeks ago,2024-06-25 01:24:44
Brazil: Children's Personal Photos Misused to Power AI Tools,https://www.hrw.org/news/2024/06/10/brazil-childrens-personal-photos-misused-power-ai-tools,"(São Paulo, Brazil) – The personal photos of Brazilian children are being 
used to create powerful artificial intelligence (AI) tools without the 
children's...",1 month ago,2024-06-09 01:24:44
China flexes AI muscle at Shanghai expo,https://asiatimes.com/2024/07/china-flexes-ai-muscle-at-shanghai-expo/,"The sixth World Artificial Intelligence Conference held at the Shanghai 
World Expo Exhibition and Convention Center from July 4-7 was a 
demonstration of...",19 hours ago,2024-07-08 06:24:44
Apple Intelligence: every new AI feature coming to the iPhone and Mac,https://www.theverge.com/2024/6/10/24175405/wwdc-apple-ai-news-features-ios-18-macos-15-iphone-ipad-mac,"These are the biggest “Apple Intelligence” features Apple announced at WWDC 
2024, which will add AI functionality to the iPhone, iPad, and Mac later 
this...",1 month ago,2024-06-09 01:24:44
What are AI agents?,https://www.technologyreview.com/2024/07/05/1094711/what-are-ai-agents/,"The next big thing is AI tools that can do more complex tasks. Here's how 
they will work.",3 days ago,2024-07-06 01:24:44
Mind-reading AI recreates what you're looking at with amazing accuracy,https://www.newscientist.com/article/2438107-mind-reading-ai-recreates-what-youre-looking-at-with-amazing-accuracy/,"Giving AI systems the ability to focus on particular brain regions can make 
them much better at reconstructing images of what a monkey is looking at 
from...",4 days ago,2024-07-05 01:24:44
Fiscal Policy Can Help Broaden the Gains of AI to Humanity,https://www.imf.org/en/Blogs/Articles/2024/06/17/fiscal-policy-can-help-broaden-the-gains-of-ai-to-humanity,"The AI transition will require stronger social safety nets, investment in 
education, and tax systems that support human workers and mitigate 
inequality.",3 weeks ago,2024-06-18 01:24:44
"Apple unveils long-awaited AI strategy, partnership with OpenAI at WWDC",https://www.aljazeera.com/news/2024/6/11/apple-unveils-long-awaited-ai-strategy-partnership-with-openai,"CEO Tim Cook tells Worldwide Developers Conference AI features are the 
'next big step for Apple'.",4 weeks ago,2024-06-11 01:24:44
Apple Intelligence: ChatGPT coming to iPhones in AI overhaul,https://www.bbc.com/news/articles/c4nn5mejl89o,"Apple is to boost its Siri voice assistant and operating systems with 
OpenAI's ChatGPT as it seeks to catch up in the AI race. The iPhone maker 
announced...",4 weeks ago,2024-06-11 01:24:44
How Game Theory Can Make AI More Reliable,https://www.wired.com/story/game-theory-can-make-ai-more-correct-and-efficient/,"Researchers are drawing on ideas from game theory to improve large language 
models and make them more correct, efficient, and consistent.",1 month ago,2024-06-09 01:24:44
AI will transform the character of warfare,https://www.economist.com/leaders/2024/06/20/war-and-ai,"Technology will make war faster and more opaque. It could also prove 
destabilising | Leaders.",2 weeks ago,2024-06-25 01:24:44
WhatsApp is developing a personalized AI avatar generator,https://www.theverge.com/2024/7/4/24192112/whatsapp-ai-avatar-image-generator-imagine-meta-llama,"Whatsapp appears to be working on a new generative AI feature that should 
allow users to make personalized avatars of themselves in any imagined 
setting.",4 days ago,2024-07-05 01:24:44
Australia: Children's Personal Photos Misused to Power AI Tools,https://www.hrw.org/news/2024/07/03/australia-childrens-personal-photos-misused-power-ai-tools,"(Sydney) – Personal photos of Australian children are being used to create 
powerful artificial intelligence (AI) tools without the knowledge or 
consent of...",6 days ago,2024-07-03 01:24:44
AI took their jobs. Now they get paid to make it sound human,https://www.bbc.com/future/article/20240612-the-people-making-ai-sound-more-human,"If you're worried about how AI will affect your job, the world of 
copywriters may offer a glimpse of the future. Writer Benjamin Miller – not 
his real name...",3 weeks ago,2024-06-18 01:24:44
OPPO Reno12 | AI Smartphone with Curved Display,https://www.oppo.com/en/smartphones/series-reno/reno12/,"AI LinkBoost1. Online, Always. Enjoy a smooth, seamless, and steady 
connection with faster sharing, and more precise navigation, no matter what 
the network...",3 weeks ago,2024-06-18 01:24:44
How mobile phone networks are embracing AI,https://www.bbc.com/news/articles/c6pp1nvw5zwo,"Providers are increasing using artificial intelligence to maintain a 
reliable service.",3 weeks ago,2024-06-18 01:24:44
"Will AI Surpass Human Intelligence, Or Is It Just Hype?",https://www.forbes.com/sites/bernardmarr/2024/06/26/ai-hype-or-reality-the-singularitywill-ai-surpass-human-intelligence/,"Artificial intelligence is going to change the world—but there's still a 
lot of hype and hot air around it. Understanding what's fact, what's 
fiction and...",1 week ago,2024-07-02 01:24:44
Building AI Technology for Europeans in a Transparent and Responsible Way,https://about.fb.com/news/2024/06/building-ai-technology-for-europeans-in-a-transparent-and-responsible-way/,"We are working hard to build cutting edge AI technology for Europeans that 
reflects their languages, geography and cultural references in the same way 
as...",1 month ago,2024-06-09 01:24:44
"How AI Revolutionized Protein Science, but Didn’t End It",https://www.quantamagazine.org/how-ai-revolutionized-protein-science-but-didnt-end-it-20240626/,"Three years ago, Google's AlphaFold pulled off the biggest artificial 
intelligence breakthrough in science to date, accelerating molecular 
research and...",2 weeks ago,2024-06-25 01:24:44
This Viral AI Chatbot Will Lie and Say It's Human,https://www.wired.com/story/bland-ai-chatbot-human/,"Bland AI's customer services and sales bot is the latest example of 
“human-washing” in AI. Experts warn against the consequences of blurred 
reality.",1 week ago,2024-07-02 01:24:44
"Computer love: AI-powered chatbots are changing how we understand romantic 
and sexual well-being",https://theconversation.com/computer-love-ai-powered-chatbots-are-changing-how-we-understand-romantic-and-sexual-well-being-234054,"Artificial intelligence technologies are changing how users experience 
intimate romantic and sexual connections. These technologies bring many 
positive...",1 day ago,2024-07-08 01:24:44
New UNESCO report warns that Generative AI threatens Holocaust memory,https://www.unesco.org/en/articles/new-unesco-report-warns-generative-ai-threatens-holocaust-memory,"A UNESCO report published today warns that unless decisive action is taken 
to integrate ethical principles, AI could distort the historical record of 
the...",3 weeks ago,2024-06-18 01:24:44
Google blames AI as its emissions grow instead of heading to net zero,https://www.aljazeera.com/economy/2024/7/2/google-blames-ai-as-its-emissions-grow-instead-of-heading-to-net-zero,"Google points to artificial intelligence and demand it puts on 
energy-hungry data centres for its growth in emissions.",5 days ago,2024-07-04 01:24:44
"Trustworthy and Responsible AI Network expands to help European healthcare 
organizations enhance the quality ...",https://news.microsoft.com/2024/06/16/trustworthy-and-responsible-ai-network-expands-to-help-european-healthcare-organizations-enhance-the-quality-safety-and-trustworthiness-of-ai-in-health/,"AMSTERDAM — June 17, 2024 — Monday, at HLTH Europe, the Trustworthy & 
Responsible AI Network (TRAIN), a consortium of healthcare leaders, 
announced its...",3 weeks ago,2024-06-18 01:24:44
Releasing New AI Research Models to Accelerate Innovation at Scale,https://about.fb.com/news/2024/06/releasing-new-ai-research-models-to-accelerate-innovation-at-scale/,"Today, Meta's Fundamental AI Research team is publicly releasing several 
models to accelerate future research and allow others to innovate and apply 
AI at...",3 weeks ago,2024-06-18 01:24:44
AI Doesn't Kill Jobs? Tell That to Freelancers,https://www.wsj.com/tech/ai/ai-replace-freelance-jobs-51807bc7,"Jennifer Kelly, a freelance copywriter in the picturesque New England town 
of Walpole, N.H., feels bad for any young people who might try to follow in 
her...",2 weeks ago,2024-06-25 01:24:44
Why So Many Bitcoin Mining Companies Are Pivoting to AI,https://time.com/6993603/ai-bitcoin-mining-artificial-intelligence-energy-use/,"Bitcoin miners are increasingly swapping out their mining equipment to jump 
on the AI gold rush.",1 week ago,2024-07-02 01:24:44
Global AI market size 2030,https://www.statista.com/forecasts/1474143/global-ai-market-size,The market for artificial intelligence grew beyond 184 billion U.S..,2 weeks ago,2024-06-25 01:24:44
6 ways AI makes your Pixel even more helpful,https://blog.google/products/pixel/google-pixel-helpful-tips-ai/,"Learn about six features that use AI to help you get more out of your 
Pixel, including Audio Magic Eraser, Document Scanner and more.",6 days ago,2024-07-03 01:24:44
"Apple and Meta have discussed AI partnership, WSJ reports",https://www.reuters.com/technology/apple-meta-have-discussed-an-ai-partnership-wsj-reports-2024-06-23/,"Facebook parent Meta Platforms has discussed integrating its generative AI 
model into Apple's recently announced AI system for iPhones, the Wall 
Street...",2 weeks ago,2024-06-25 01:24:44
Adapting to AI,https://www.nature.com/articles/s41561-024-01475-5,"Artificial intelligence tools have the potential to revolutionize how 
scientists work and publish. We share our ground rules for managing the 
inherent...",4 weeks ago,2024-06-11 01:24:44
We built a nasty game to test AI's ability to apologise,https://www.bbc.com/future/article/20240613-how-to-apologise-so-you-can-be-forgiven,"If you're struggling to say you're sorry, AI is happy to help. But can 
robots handle social intelligence? To find out, we we put their apologies 
to the...",3 weeks ago,2024-06-18 01:24:44
"AI in Education: Benefits, Use Cases, Challenges, Cost & More",https://appinventiv.com/blog/artificial-intelligence-in-education/,"AI assists in developing and updating curricula by analyzing educational 
trends, student performance data, and learning gaps. It provides real-time 
insights and...",2 weeks ago,2024-06-25 01:24:44
He Helped Invent Generative AI. Now He Wants to Save It,https://www.wired.com/story/user-owned-ai-illia-polosukhin-open-source-web3/,"Illia Polosukhin doesn't want big companies to determine the future of 
artificial intelligence. His alternative vision for “user-owned AI” is 
already...",1 week ago,2024-07-02 01:24:44
Scientists Develop New Algorithm to Spot AI 'Hallucinations',https://time.com/6989928/ai-artificial-intelligence-hallucinations-prevent/,"An enduring problem with today's generative artificial intelligence (AI) 
tools, like ChatGPT, is that they often confidently assert false 
information.",3 weeks ago,2024-06-18 01:24:44
Conversational AI vs. Generative AI: What's the Difference?,https://www.techtarget.com/whatis/feature/Conversational-AI-vs-generative-AI-Whats-the-difference,"Learning and training data. Conversational AI is trained on large data sets 
with human input, conversations, user queries and responses. Generative AI 
is...",6 days ago,2024-07-03 01:24:44
Play the Google I/O Crossword game built with Gemini AI,https://blog.google/technology/ai/google-io-crossword-puzzle-gemini-ai/,"How Googlers used Gemini to build the Crossword puzzle, showing developers 
what's possible with generative AI.",2 weeks ago,2024-06-25 01:24:44
AI in finance is like 'moving from typewriters to word processors',https://www.ft.com/content/c35ce925-d7b3-4920-a431-c4ca1aa33503,"The accounting and finance professions have long adapted to technology — 
from calculators and spreadsheets to cloud computing. However, the 
emergence of...",3 weeks ago,2024-06-18 01:24:44
AI Will Shrink The University - Education,https://www.forbes.com/sites/ryancraig/2024/06/28/ai-will-shrink-the-university/,"With AI attention on teaching and tutoring, with budget challenges ahead, 
and with most spending outside the classroom, colleges need to embrace AI 
in order...",1 week ago,2024-07-02 01:24:44
AI competency frameworks for school students and teachers,https://www.unesco.org/en/digital-education/ai-future-learning/competency-frameworks,"The AI competency framework for teachers will define the knowledge, skills 
and attitudes that teachers should possess to understand the roles of AI in 
education...",4 days ago,2024-07-05 01:24:44
Inside the maths that drives AI,https://www.nature.com/articles/d41586-024-02185-z,"Loss functions measure algorithmic errors in artificial-intelligence 
models, but there's more than one way to do that. Here's why the right 
function is so...",5 days ago,2024-07-04 01:24:44
Generating audio for video,https://deepmind.google/discover/blog/generating-audio-for-video/,"Video-to-audio research uses video pixels and text prompts to generate rich 
soundtracks.",3 weeks ago,2024-06-18 01:24:44
(Preliminary) noyb WIN: Meta stops AI plans in the EU,https://noyb.eu/en/preliminary-noyb-win-meta-stops-ai-plans-eu,"First reaction to Meta's announcement to stop using personal data for AI 
training in the EU/EEA.",3 weeks ago,2024-06-18 01:24:44
7 principles for getting AI regulation right,https://blog.google/outreach-initiatives/public-policy/7-principles-for-getting-ai-regulation-right/,"Today we're sharing 7 principles for responsible AI regulation, and 
endorsing 5 bills in Congress.",2 weeks ago,2024-06-25 01:24:44
What is 'AI washing' and why is it a problem?,https://www.bbc.com/news/articles/c9xx8122893o,"Tech firms commonly highlight their use of AI, but in some cases it may be 
exaggerated.",2 weeks ago,2024-06-25 01:24:44
60 Growing AI Companies & Startups (July 2024),https://explodingtopics.com/blog/ai-startups,"60 Growing AI Companies & Startups (July 2024) · 1. DeepL · 2. Frame AI · 
3. Uizard · 4. Moveworks · 5. Databricks · 6. Synthesia · 7. Codeium · 8. 
Cohere.",3 days ago,2024-07-06 01:24:44
Meet Symphony Avatars: TikTok's New Creative AI Tool,https://newsroom.tiktok.com/en-us/announcing-symphony-avatars,"Creativity thrives on TikTok. When brands truly lean into creative bravery 
and experimentation, they are able to speak directly to their community 
and...",3 weeks ago,2024-06-18 01:24:44
AI the hot topic of Money20/20 | ING,https://www.ing.com/Newsroom/News/AI-the-hot-topic-of-Money2020.htm,"It's one of the largest financial technology (fintech) events in Europe so 
it is no surprise that ING again took centre stag.",4 weeks ago,2024-06-11 01:24:44
"Generative AI vs. AI: Advantages, Limitations, Ethical Considerations",https://www.eweek.com/artificial-intelligence/generative-ai-vs-ai/,"Generative AI is intended to create new content, while AI goes much broader 
and deeper—in essence, to wherever the algorithm coder wants to take it. 
AI's...",1 week ago,2024-07-02 01:24:44
TikTok ads may soon contain AI-generated avatars of your favorite creators,https://www.theverge.com/2024/6/17/24179971/tiktok-ads-ai-generated-avatars-creators-language-dubbing,"TikTok is introducing some new generative AI tools to help organizations 
and creators grow their global audiences using customizable digital avatars 
and...",3 weeks ago,2024-06-18 01:24:44
AI Survey: Four Themes Emerging,https://www.bain.com/insights/ai-survey-four-themes-emerging/,"Companies are moving quickly to explore ways for generative AI to enhance 
their business, with most already developing or deploying initiatives.",2 weeks ago,2024-06-25 01:24:44
What Do Google's AI Answers Cost the Environment?,https://www.scientificamerican.com/article/what-do-googles-ai-answers-cost-the-environment/,"Google is bringing AI answers to a billion people this year, but generative 
AI requires much more energy than traditional keyword searches.",4 weeks ago,2024-06-11 01:24:44
McDonald's halts AI at the drive-thru for now,https://fortune.com/2024/06/17/mcdonalds-ai-order-taking-drive-thru-ends/,"The fast-food giant has ended its two-year partnership with IBM, which saw 
it testing AI to take people's voice orders at drive-thru kiosks.",3 weeks ago,2024-06-18 01:24:44
My AI,https://values.snap.com/privacy/privacy-by-product/my-ai,"You can chat with My AI directly or @ mention My AI in conversations. 
Generative AI is a developing technology that may provide responses that 
are biased,...",2 weeks ago,2024-06-25 01:24:44
AI-Powered Super Soldiers Are More Than Just a Pipe Dream,https://www.wired.com/story/us-military-hyper-enabled-operator/,"The US military has abandoned its half-century dream of a suit of powered 
armor in favor of a “hyper enabled operator,” a tactical AI assistant for 
special...",10 hours ago,2024-07-08 15:24:44
"No Matter How You Package It, Apple Intelligence Is AI",https://www.wired.com/story/plaintext-apple-intelligence-is-ai/,"Apple is eager to show us that its approach to artificial intelligence is 
safer, better, and more useful than the competition.",3 weeks ago,2024-06-18 01:24:44
"Apple Proved That AI Is a Feature, Not a Product",https://www.wired.com/story/apple-intelligence-ai-feature-not-product/,"Other tech companies want to sell you chatbots. Apple's demos show the 
value of seeing the AI as an integrated, holistic experience rather than 
a...",3 weeks ago,2024-06-18 01:24:44
Stable Diffusion 3 Medium — Stability AI,https://stability.ai/news/stable-diffusion-3-medium,"We are excited to announce the launch of Stable Diffusion 3 Medium, the 
latest and most advanced text-to-image AI model in our Stable Diffusion 3 
series.",3 days ago,2024-07-06 01:24:44
Pope to G7: AI is ‘neither objective nor neutral’,https://www.vaticannews.va/en/pope/news/2024-06/pope-g7-artifical-intelligence-objective-neutral.html,"In an address to the G7 summit, Pope Francis discusses the threat and 
promise of artificial intelligence, the 'techno-human condition', human vs 
...",3 weeks ago,2024-06-18 01:24:44
Not all 'open source' AI models are actually open: here's a ranking,https://www.nature.com/articles/d41586-024-02012-5,"Many of the large language models that power chatbots claim to be open, but 
restrict access to code and training data.",3 weeks ago,2024-06-18 01:24:44
AI beats top racers at Gran Turismo – without cheating,https://www.newscientist.com/article/2438564-ai-beats-top-racers-at-gran-turismo-without-cheating/,"An AI driver achieved faster lap times than the best humans in the video 
game Gran Turismo 7, and unlike previous versions, it only used 
information...",3 days ago,2024-07-06 01:24:44
How to use AI to plan your next vacation,https://www.technologyreview.com/2024/07/08/1094733/how-to-use-ai-to-plan-your-next-vacation/,"AI tools can be useful for everything from booking flights to translating 
menus.",11 hours ago,2024-07-08 14:24:44
How AI is turning satellite imagery into a window on the future,https://www.defenseone.com/technology/2024/06/how-ai-turning-satellite-imagery-window-future/397520/,"Satellite image providers say that new artificial intelligence tools, 
coupled with more and faster satellite data, will enable image providers to 
much...",2 weeks ago,2024-06-25 01:24:44
Europe Scrambles for Relevance in the Age of AI,https://www.wired.com/story/europe-scrambles-relevance-ai/,"With chatbot and AI development largely coming from the US, some EU 
entrepreneurs and politicians say local champions are needed to prevent a 
cultural...",2 weeks ago,2024-06-25 01:24:44
Are you 80% angry and 2% sad? Why ‘emotional AI’ is fraught with problems,https://www.theguardian.com/technology/article/2024/jun/23/emotional-artificial-intelligence-chatgpt-4o-hume-algorithmic-bias,"AI that purports to read our feelings may enhance user experience but 
concerns over misuse and bias mean the field is fraught with potential 
dangers.",2 weeks ago,2024-06-25 01:24:44
How the iPhone 16 With AI Could Send Apple's Market Value to $4T,https://www.investopedia.com/iphone-16-with-ai-could-send-apple-market-cap-to-usd4-trillion-8674563,"Apple could be on track to reach a $4 trillion market capitalization with 
the artificial intelligence (AI) iPhone 16 upgrade cycle coming, Wedbush 
analysts...",4 hours ago,2024-07-08 21:24:44
Advancing personal health and wellness insights with AI,http://research.google/blog/advancing-personal-health-and-wellness-insights-with-ai/,"June 11, 2024. Shwetak Patel, Distinguished Engineer & Health Technologies 
Lead, Google, and Shravya Shetty, Principal Engineer, Google Research.",4 weeks ago,2024-06-11 01:24:44
How Apple Intelligence's Privacy Stacks Up Against Android's 'Hybrid AI',https://www.wired.com/story/apple-intelligence-android-hybrid-ai-privacy/,"Generative AI is seeping into the core of your phone, but what does that 
mean for privacy? Here's how Apple's unique AI architecture compares to 
the...",4 days ago,2024-07-05 01:24:44
"Artificial Intelligence Researchers Need More Information to Understand 
Risks",https://foreignpolicy.com/2024/07/08/artificial-intelligence-ai-election-misinformation-technology-risks/,"Artificial intelligence (AI) may be good at a lot of things, but providing 
accurate election information isn't one of them. According to research from 
the...",9 hours ago,2024-07-08 16:24:44
"Sony, Universal, Warner sue over AI music copyright violations",https://www.bbc.com/news/articles/ckrrr8yelzvo,"Sony, Universal and Warner claim AI software steals music to ""spit out"" 
similar work.",2 weeks ago,2024-06-25 01:24:44
Datacenter demand driven by AI... but constrained by power shortages,https://www.theregister.com/2024/07/04/datacenter_demand_driven_by_ai/,"Demand for datacenter space is currently at a high in many markets around 
the globe because of the AI boom, despite issues with securing adequate 
power,...",4 days ago,2024-07-05 01:24:44
Reduce AI Hallucinations With This Neat Software Trick,https://www.wired.com/story/reduce-ai-hallucinations-with-rag/,"If you've ever used a generative artificial intelligence tool, it has lied 
to you. Probably multiple times. These recurring fabrications are often 
called AI...",3 weeks ago,2024-06-18 01:24:44
Ray Kurzweil on how AI will transform the physical world,https://www.economist.com/by-invitation/2024/06/17/ray-kurzweil-on-how-ai-will-transform-the-physical-world,"BY THE TIME children born today are in kindergarten, artificial 
intelligence (AI) will probably have surpassed humans at all cognitive 
tasks, from science...",3 weeks ago,2024-06-18 01:24:44
SAP Business AI: Q2 2024 Release Highlights,https://news.sap.com/2024/07/sap-business-ai-q2-release/,"More than 27000 customers already rely on SAP Business AI to achieve 
real-world business results. Get the details on the Q2 2024 release.",6 days ago,2024-07-03 01:24:44
AI lawsuits explained: Who's getting sued?,https://www.techtarget.com/whatis/feature/AI-lawsuits-explained-Whos-getting-sued,"Authors, artists and others are filing lawsuits against generative AI 
companies for using their data in bulk to train AI systems without 
permission. ... OpenAI is...",2 weeks ago,2024-06-25 01:24:44
"Chinese smartphone maker Honor says AI's power is 'worthless' without data 
privacy",https://www.cnbc.com/2024/06/28/chinese-phone-maker-honor-ais-power-is-worthless-without-data-privacy.html,"The transforming power of artificial intelligence is of no value unless 
user data is protected, says the CEO of Chinese smartphone company Honor,...",1 week ago,2024-07-02 01:24:44
OpenAI Wants AI to Help Humans Train AI,https://www.wired.com/story/openai-rlhf-ai-training/,"Having humans rate a language model's outputs produced clever chatbots. 
OpenAI says adding AI to the loop could help make them even smarter and 
more...",1 week ago,2024-07-02 01:24:44
Top Generative AI Tools 2024,https://www.simplilearn.com/tutorials/artificial-intelligence-tutorial/top-generative-ai-tools,"Best Generative AI Tools · 1. GPT-4 · 2. ChatGPT · 3. AlphaCode · 4. GitHub 
Copilot · 5. Bard · 6. Cohere Generate · 7. Claude · 8. Synthesia.",6 days ago,2024-07-03 01:24:44
"If you want a career in AI, start with these 5 steps",https://www.zdnet.com/article/if-you-want-a-career-in-ai-start-with-these-5-steps/,"Starting a Substack is super easy. Write about marketing and business 
observations involving the AI industry. Deconstruct products and strategies 
of the various...",3 weeks ago,2024-06-18 01:24:44
Why does AI hallucinate?,https://www.technologyreview.com/2024/06/18/1093440/what-causes-ai-hallucinate-chatbots/,"The tendency to make things up is holding chatbots back. But that's just 
what they do.",3 weeks ago,2024-06-18 01:24:44
Why Bill Gates Feels Energy Hungry AI Systems Are No Cause For Anxiety,https://www.forbes.com/sites/gauravsharma/2024/06/30/why-bill-gates-feels-energy-hungry-ai-systems-are-no-cause-for-anxiety/,"There are concerns in the energy sector about the world's AI systems and 
data centers using ever more electricity but Bill Gates is urging people to 
""not go...",1 week ago,2024-07-02 01:24:44
AI-Driven Behavior Change Could Transform Health Care,https://time.com/6994739/ai-behavior-change-health-care/,"Making healthier choices is hard. But it's also something that AI is 
uniquely positioned to solve, write Sam Altman and Arianna Huffington.",20 hours ago,2024-07-08 05:24:44
Take Google Back to 1998: How to Get 10 Blue Links in Google Search Results,https://www.cnet.com/tech/services-and-software/take-google-back-to-1998-how-to-get-10-blue-links-in-google-search-results/,"Not interested in AI Overviews? Here's how to get stripped-down search 
results.",5 days ago,2024-07-04 01:24:44
"Google AI Overviews showing less often, with less Reddit, data shows",https://searchengineland.com/google-ai-overviews-analyses-443392,"Google's AI Overviews appear for 7-9% of queries, on average. And Reddit is 
no longer one of the top 10 most cited domains.",2 weeks ago,2024-06-25 01:24:44
Sheryl Crow: 'Resurrecting Tupac with AI is hateful',https://www.bbc.com/news/articles/cn00e695lpvo,"The singer on the threat of AI-generated music, and why she missed her 
chance to join Fleetwood Mac.",2 weeks ago,2024-06-25 01:24:44
Chinese scientists create AI military commander to run virtual war games,https://www.scmp.com/news/china/science/article/3266444/chinese-scientists-create-and-cage-worlds-first-ai-commander-pla-laboratory,"A 'virtual commander', which is being kept strictly confined to a 
laboratory, has been developed for the PLA.",3 weeks ago,2024-06-18 01:24:44
We're Still Waiting for the Next Big Leap in AI,https://www.wired.com/story/were-still-waiting-for-the-next-big-leap-in-ai/,"Anthropic's latest Claude AI model pulls ahead of rivals from OpenAI and 
Google. But advances in machine intelligence have lately been more 
incremental than...",2 weeks ago,2024-06-25 01:24:44
"IBM and The All England Lawn Tennis Club Launch New Generative AI Feature 
for Personalised Player Stories at ...",https://newsroom.ibm.com/2024-06-17-IBM-and-The-All-England-Lawn-Tennis-Club-Launch-New-Generative-AI-Feature-for-Personalised-Player-Stories-at-Wimbledon,"IBM and The All England Lawn Tennis Club announced a new feature for the 
Wimbledon digital experience that will leverage match data with generative 
AI from...",3 weeks ago,2024-06-18 01:24:44
There's an AI Candidate Running for Parliament in the UK,https://www.wired.com/story/ai-candidate-running-for-parliament-uk/,"If it wins, “AI Steve” will be represented by businessman Steve Endacott in 
Parliament. Endacott says he'll merely be a conduit, and the AI will make 
the...",4 weeks ago,2024-06-11 01:24:44
How the 'Miss AI' Beauty Pageant Is Dividing Opinion,https://time.com/6993650/ai-generated-women-miss-ai-beauty-pageant-contestants/,"Industry insiders and experts have varying opinions on the 'Miss AI' beauty 
pageant and the concept of AI-generated women.",1 week ago,2024-07-02 01:24:44
"Everything Apple Announced at WWDC 2024: AI Features, New Siri, Genmoji",https://www.wired.com/story/everything-apple-announced-wwdc-2024/,"The company's annual developer event was stacked with demonstrations that 
showed off the new artificial intelligence capabilities coming to iPhones, 
iPads,...",1 month ago,2024-06-09 01:24:44
Meta is putting its European AI assistant launch on hold,https://www.theverge.com/2024/6/14/24178591/meta-ai-assistant-europe-ireland-privacy-objections,"Meta is putting plans for its AI assistant on hold in Europe after 
receiving objections from Ireland's privacy regulator, the company 
announced on Friday.",3 weeks ago,2024-06-18 01:24:44
Light-Based Chips Could Help Slake AI's Ever-Growing Thirst for Energy,https://www.wired.com/story/ai-needs-enormous-computing-power-could-light-based-chips-help/,"Optical neural networks, which use photons instead of electrons, have 
advantages over traditional systems. They also face major obstacles.",3 weeks ago,2024-06-18 01:24:44
Perplexity's grand theft AI,https://www.theverge.com/2024/6/27/24187405/perplexity-ai-twitter-lie-plagiarism,"Perplexity CEO Aravind Srinivas admitted that the company was founded on 
pretending to be something it wasn't so it could scrape data.",1 week ago,2024-07-02 01:24:44
How Apple became an AI stock,https://www.ft.com/content/b10ffb53-6961-4844-ab5a-6a070e26f8d8,"This article is an onsite version of our Unhedged newsletter. Premium 
subscribers can sign up here to get the newsletter delivered every weekday.",1 week ago,2024-07-02 01:24:58
Light-Based Chips Could Help Slake AI's Ever-Growing Thirst for Energy,https://www.wired.com/story/ai-needs-enormous-computing-power-could-light-based-chips-help/,"Optical neural networks, which use photons instead of electrons, have 
advantages over traditional systems. They also face major obstacles.",3 weeks ago,2024-06-18 01:24:58
Perplexity's grand theft AI,https://www.theverge.com/2024/6/27/24187405/perplexity-ai-twitter-lie-plagiarism,"Perplexity CEO Aravind Srinivas admitted that the company was founded on 
pretending to be something it wasn't so it could scrape data.",1 week ago,2024-07-02 01:24:58
"A new index is using AI tools to measure U.S. economic growth in a broader 
way",https://www.cnbc.com/2024/07/01/a-new-index-is-using-ai-tools-to-measure-us-economic-growth-in-a-broader-way.html,"The Zeta Economic Index, launched Monday, uses generative artificial 
intelligence to analyze what its developers call ""trillions of behavioral 
signals.""",1 week ago,2024-07-02 01:24:58
Apple brings ChatGPT to Siri as it debuts ‘Apple Intelligence’ at WWDC 2024,https://www.theguardian.com/technology/article/2024/jun/10/apple-ai-product-launch,"New features and deal with OpenAI presented at conference marks change in 
focus for tech giant, which is under pressure to catch up with rival firms' 
AI...",1 month ago,2024-06-09 01:24:58
"Amazon-Powered AI Cameras Used to Detect Emotions of Unwitting UK Train 
Passengers",https://www.wired.com/story/amazon-ai-cameras-emotions-uk-train-passengers/,"CCTV cameras and AI are being combined to monitor crowds, detect bike 
thefts, and spot trespassers.",3 weeks ago,2024-06-18 01:24:58
Meta AI may get more collaborative in WhatsApp for Android.,https://www.theverge.com/2024/7/7/24193680/meta-ai-may-get-more-collaborative-in-whatsapp-for-android,"A new WhatsApp beta version for Android lets you send a photo to Meta AI, 
then ask it questions about it or edit the image using prompts, according 
to...",1 day ago,2024-07-08 01:24:58
What happened to the artificial-intelligence revolution?,https://www.economist.com/finance-and-economics/2024/07/02/what-happened-to-the-artificial-intelligence-revolution,"Move to San Francisco and it is hard not to be swept up by mania over 
artificial intelligence (AI). Advertisements tell you how the tech will 
revolutionise...",6 days ago,2024-07-03 01:24:58
AI is coming for our anger - Technology,https://www.ft.com/content/2827e9b3-0f61-4c44-8395-1d9e32a62247,"A SoftBank project is working on technology that takes the rage out of 
customer phone calls.",3 weeks ago,2024-06-18 01:24:58
Google Search Ranks AI Spam Above Original Reporting in News Results,https://www.wired.com/story/google-search-ai-spam-original-reporting-news-results/,"Google adjusted its policies to target AI spam earlier this year, but 
plagiarizing content still comes up higher in search results months 
later—and SEO...",6 days ago,2024-07-03 01:24:58
5 Ways AI Can Help In Your Job Search,https://www.forbes.com/sites/andrewfennell/2024/07/04/5-ways-ai-can-help-in-your-job-search/,"Artificial Intelligence (AI) has become a game-changer in many fields, and 
job searching is no exception. In fact, a recent survey found that almost 
half of...",4 days ago,2024-07-05 01:24:58
AI Tools Are Secretly Training on Real Images of Children,https://www.wired.com/story/ai-tools-are-secretly-training-on-real-childrens-faces/,"A popular AI training dataset is “stealing and weaponizing” the faces of 
Brazilian children without their knowledge or consent, human rights 
activists...",1 month ago,2024-06-09 01:24:58
"When Was the Last Time You Finished a Book? You Need an AI Reading 
Companion Like Me",https://www.wired.com/story/i-am-laura-kipnis-bot-and-i-will-make-reading-sexy-and-tragic-again/,"When a flattering email arrived inviting me to participate in an AI venture 
called Rebind that I'd later come to think will radically transform the 
entire...",3 weeks ago,2024-06-18 01:24:58
Why artists are becoming less scared of AI,https://www.technologyreview.com/2024/06/18/1093998/why-artists-becoming-less-scared-of-ai/,"As people tinker and experiment with AI tools, we're gaining a clearer 
understanding of its limitations in creative fields.",3 weeks ago,2024-06-18 01:24:58
10 ways to prevent shadow AI disaster,https://www.cio.com/article/2150142/10-ways-to-prevent-shadow-ai-disaster.html,"Unsanctioned AI in the workplace is putting company data, systems, and 
business relationships at risk. Here's how to pivot employees' AI curiosity 
toward...",10 hours ago,2024-07-08 15:24:58
AI Is Coming for Big Tech Jobs—but Not in the Way You Think,https://www.wired.com/story/ai-is-coming-for-big-tech-jobs-but-not-in-the-way-you-think/,"Companies aren't replacing workers with AI yet. But they are sacrificing 
thousands of jobs in the race to further innovation in the technology.",3 weeks ago,2024-06-18 01:24:58
"AI scientist Ray Kurzweil: ‘We are going to expand intelligence a 
millionfold by 2045’",https://www.theguardian.com/technology/article/2024/jun/29/ray-kurzweil-google-ai-the-singularity-is-nearer,"The Google futurist talks nanobots and avatars, deepfakes and elections – 
and why he is so optimistic about a future where we merge with computers.",1 week ago,2024-07-02 01:24:58
Typing to AI assistants might be the way to go,https://www.theverge.com/2024/6/22/24180362/type-to-siri-ios-18-ai-assistants,"In iOS 18, Siri will get a dedicated keyboard so you don't have to talk to 
it in public. This is what AI gadgets have been missing thus far.",2 weeks ago,2024-06-25 01:24:58
"McDonald's will stop testing AI to take drive-thru orders, for now",https://www.theverge.com/2024/6/16/24179679/mcdonalds-ending-ai-chatbot-drive-thru-ordering-test-ibm,"After testing a program in partnership with IBM for over two years, 
McDonald's is pulling the tech from more than 100 stores and considering 
other AI-based...",3 weeks ago,2024-06-18 01:24:58
How to stop Perplexity and save the web from bad AI,https://www.platformer.news/how-to-stop-perplexity-oreilly-ai-publishing/,"We can still have the internet we want — but we have to try new business 
models.",2 weeks ago,2024-06-25 01:24:58
Inside the players and politics of the modern AI industry,https://www.theverge.com/24182381/ai-industry-politics-openai-anthropic-elon-musk-xai-decoder-podcast-interview,"On this special episode of Decoder, guest host Alex Heath talks to reporter 
Kylie Robison about OpenAI and the state of the AI industry.",2 weeks ago,2024-06-25 01:24:58
Gmail's Gemini AI sidebar and email summaries are rolling out now,https://www.theverge.com/2024/6/24/24185277/google-gmail-gemini-ai-sidebar,"Gmail and Google's other Workspace apps are getting more AI features, 
including a Gemini sidebar.",2 weeks ago,2024-06-25 01:24:58
Brazil suspends Meta from using Instagram posts to train AI,https://www.bbc.com/news/articles/c7291l3nvwvo,"Brazil has blocked Meta from using Brazilians' Instagram and Facebook posts 
to train its artificial intelligence (AI) models.",5 days ago,2024-07-04 01:24:58
Why is Pope Francis speaking about AI at the G7 summit?,https://www.npr.org/2024/06/12/nx-s1-4950135/g7-pope-francis-ai-italy,"G7 leaders are meeting in Italy, where Pope Francis will join them to talk 
about the ethics of artificial intelligence.",4 weeks ago,2024-06-11 01:24:58
"IBM Study: Fan Engagement and Consumption of Sports Shifting, Reveals New 
Opportunities for Technology ...","https://newsroom.ibm.com/2024-06-26-IBM-Study-Fan-Engagement-and-Consumption-of-Sports-Shifting,-Reveals-New-Opportunities-for-Technology-Integrations-including-AI","International sports fans surveyed are optimistic about the impact of 
technologies like AI on their digital sports experiences.",2 weeks ago,2024-06-25 01:24:58
"AI, RIS, HAPS, 6G, AR/VR – five future techs to change the world",https://www.rcrwireless.com/20240625/fundamentals/ai-ris-haps-6g-ar-vr-five-future-techs-to-change-the-world,"All the above should come with an asterisk (see article), but the World 
Economic Forum lists them as the new-tech class-of-2024 
most-likely-to-succeed.",2 weeks ago,2024-06-25 01:24:58
The New 'Ethical' AI Music Generator Can't Write a Halfway Decent Song,https://www.wired.com/story/the-new-ethical-ai-music-generator-cant-write-a-halfway-decent-song/,"Song generators are in hot water over alleged copyright infringement, but 
the AI tool Jen was trained on licensed material. We asked pro musicians to 
test...",4 days ago,2024-07-05 01:24:58
McDonald’s ends AI drive-thru trial as fast-food industry tests automation,https://www.theguardian.com/business/article/2024/jun/17/mcdonalds-ends-ai-drive-thru,"Companies have touted AI as future of the industry, but technology has also 
resulted in viral videos of wrong orders.",3 weeks ago,2024-06-18 01:24:58
"A former OpenAI researcher sees a clear path to AGI this decade. Bill Gates 
disagrees",https://fortune.com/2024/07/02/bill-gates-leopold-aschenbrenner-treatise-agi-superintelligence/,"Either way businesses need AI that is more reliable and trustworthy than 
today's LLMs are delivering.",6 days ago,2024-07-03 01:24:58
YouTube in talks with record labels over AI music deal,https://www.ft.com/content/e2d9472d-32e0-43f5-8109-efb753fac330,"Licensing negotiations come as industry wrestles with legal and creative 
impact of artificial intelligence.",2 weeks ago,2024-06-25 01:24:58
Samsung expects profits to soar with boost from AI,https://www.bbc.com/news/articles/c25l0yyzjvno,"The South Korean tech giant is benefiting from the AI boom which has lifted 
the prices of advanced chips.",3 days ago,2024-07-06 01:24:58
Researchers fool university markers with AI-generated exam papers,https://www.theguardian.com/education/article/2024/jun/26/researchers-fool-university-markers-with-ai-generated-exam-papers,"University of Reading project poses questions for 'integrity' of coursework 
and take-home student assignments.",2 weeks ago,2024-06-25 01:24:58
AI in Manufacturing: Use Cases and Examples,https://appinventiv.com/blog/ai-in-manufacturing/,"AI in the manufacturing industry plays a key role in improving 
productivity, efficiency, and decision-making processes. AI-driven 
predictive maintenance is used...",2 weeks ago,2024-06-25 01:24:58
AIs are coming for social networks,https://www.theverge.com/2024/6/18/24181196/butterflies-app-ai-chatbots-social-media,"An app called Butterflies lets you interact with AI characters in an app 
that looks like Instagram. It's a peek at where social media is headed.",3 weeks ago,2024-06-18 01:24:58
"Empowering every scientist with AI-augmented scientific discovery - The 
Official Microsoft Blog",https://blogs.microsoft.com/blog/2024/06/18/empowering-every-scientist-with-ai-augmented-scientific-discovery/,"At Microsoft, our vision is to empower scientists with the latest 
breakthroughs in AI to unlock their full creative potential and tackle some 
of our most...",3 weeks ago,2024-06-18 01:24:58
AI means Google's greenhouse gas emissions up 48% in 5 years,https://www.bbc.com/news/articles/c51yvz51k2xo,"The tech giant says it will be difficult to meet its net zero target due to 
AI using so much energy.",5 days ago,2024-07-04 01:24:58
UK Says No To AI. Virtual Candidate Finishes Last In Polls,https://www.ndtv.com/world-news/uk-elections-2024-ai-candidate-makes-uk-poll-debut-gets-179-votes-finishes-last-6038704,"AI Steve was designed to engage with voters in real time on various issues 
and offer policy ideas. It could handle up to 10000 conversations 
simultaneously.",3 days ago,2024-07-06 01:24:58
"[Invitation] Galaxy Unpacked July 2024: Galaxy AI Is Here – Samsung Global 
Newsroom",https://news.samsung.com/global/invitation-galaxy-unpacked-july-2024-galaxy-ai-is-here,"The next frontier of Galaxy AI is coming. Prepare to discover the power of 
Galaxy AI, now infused into the latest Galaxy Z series and the entire 
Galaxy.",2 weeks ago,2024-06-25 01:24:58
Maintaining large-scale AI capacity at Meta,https://engineering.fb.com/2024/06/12/production-engineering/maintaining-large-scale-ai-capacity-meta/,"Meta is currently operating many data centers with GPU training clusters 
across the world. Our data centers are the backbone of our operations,...",4 weeks ago,2024-06-11 01:24:58
Samsung Shares Hit Three-Year High As AI Wave Turbocharges Profits,https://www.forbes.com/sites/roberthart/2024/07/05/samsung-soars-to-three-year-high-as-ai-boom-bolsters-chip-business/,"The South Korean tech giant said it expects to rake in second quarter 
profits more than 15 times the size than it did the same time last year.",3 days ago,2024-07-06 01:24:58
Meta ordered to stop training its AI on Brazilian personal data,https://www.theverge.com/2024/7/3/24191405/meta-anpd-stop-training-ai-on-brazilian-facebook-instagram-data,"Brazil's data protection authority has banned Meta from training its AI 
models on images and other personal data from Brazilian Facebook and 
Instagram...",5 days ago,2024-07-04 01:24:58
AI Is Driving Memory And Storage Demand And Product Introductions,https://www.forbes.com/sites/tomcoughlin/2024/06/09/ai-is-driving-memory-and-storage-demand-and-product-introductions/,"AI workflows are driving demand for memory and storage to prepare data, 
train the model and create useful inference engines.",1 month ago,2024-06-09 01:24:58
Toonstar Uses AI To Power Hit YouTube Series,https://www.forbes.com/sites/charliefink/2024/07/08/toonstar-uses-ai-to-power-hit-youtube-series/,"Parker James' YouTube show uses AI to achieve the speed, scale and 
efficiency that eludes the broader entertainment industry.",1 hour ago,2024-07-09 00:24:58
"If AI is so good, why are there still so many jobs for translators?",https://www.npr.org/sections/planet-money/2024/06/18/g-s1-4461/if-ai-is-so-good-why-are-there-still-so-many-jobs-for-translators,"Machine translation of foreign languages has been good for a while. And yet 
human translators are still in demand. Why isn't AI killing these jobs?",3 weeks ago,2024-06-18 01:24:58
Apple shares close at record high after company unveils AI software,https://www.cnbc.com/2024/06/11/apple-shares-pop-to-record-high-after-company-unveils-ai-software.html,"Apple shares reached a new record high of around $203 on Tuesday, besting 
the previous record from Dec. 14.",4 weeks ago,2024-06-11 01:24:58
Would having an AI boss be better than your current human one?,https://www.bbc.com/news/articles/c03lgz2zrg1o,Companies are now experimenting with using AI systems to manage their staff.,4 days ago,2024-07-05 01:24:58
"AI will be help rather than hindrance in hitting climate targets, Bill 
Gates says",https://www.theguardian.com/technology/article/2024/jun/27/ai-bill-gates-climate-targets-datacentres-energy,"Microsoft co-founder says efficiencies for technology and electricity grids 
will outweigh energy use by datacentres.",1 week ago,2024-07-02 01:24:58
"Political deepfakes top list of malicious AI use, DeepMind finds",https://www.ft.com/content/8d5bc867-c69d-44df-839f-d43c92785435,"Artificial intelligence is used more to create realistic but fake celebrity 
images than to assist cyber attacks, Google unit says.",2 weeks ago,2024-06-25 01:24:58
How I'm using AI tools to help universities maximize research impacts,https://www.nature.com/articles/d41586-024-02081-6,"Artificial-intelligence algorithms could identify scientists who need 
support with translating their work into real-world applications and more.",2 weeks ago,2024-06-25 01:24:58
Can AI Really Transform Women's Health?,https://www.forbes.com/sites/priyaoberoi/2024/07/02/can-ai-really-transform-womens-health/,"Artificial Intelligence is making breakthroughs in healthcare. How can it 
help bring more gender equality? Is it truly worth the hype?",6 days ago,2024-07-03 01:24:58
"Music labels sue AI companies Suno, Udio for US copyright infringement",https://www.reuters.com/technology/artificial-intelligence/music-labels-sue-ai-companies-suno-udio-us-copyright-infringement-2024-06-24/,"Major record labels Sony Music , Universal Music Group and Warner Records 
sued artificial intelligence companies Suno and Udio on Monday, accusing 
them of...",2 weeks ago,2024-06-25 01:24:58
"Apple is promising personalized AI in a private cloud. Here’s how that will 
work.",https://www.technologyreview.com/2024/06/11/1093577/apple-is-promising-personalized-ai-in-a-private-cloud-heres-how-that-will-work/,"Apple's first big salvo in the AI wars makes a bet that people will care 
about data privacy when automating tasks.",4 weeks ago,2024-06-11 01:24:58
Publishers Target Common Crawl In Fight Over AI Training Data,https://www.wired.com/story/the-fight-against-ai-comes-to-a-foundational-data-set/,"Long-running nonprofit Common Crawl has been a boon to researchers for 
years. But now its role in AI training data has triggered backlash from 
publishers.",3 weeks ago,2024-06-18 01:24:58
Is AI a major drain on the world's energy supply?,https://www.japantimes.co.jp/business/2024/07/06/tech/ai-major-energy-drain/,"When Google announced this week that its climate emissions had risen by 48% 
since 2019, it pointed the finger at artificial intelligence.",2 days ago,2024-07-07 01:24:58
Exclusive: US Voters Value AI Safety Over China Competition,https://time.com/6996090/ai-china-american-voters-poll/,"A large majority of American voters are skeptical of the argument that the 
U.S. should race ahead to build ever more powerful artificial 
intelligence,...",4 hours ago,2024-07-08 21:24:58
"How Good Is ChatGPT at Coding, Really?",https://spectrum.ieee.org/chatgpt-for-coding,"A new study examines whether OpenAI's AI model ChatGPT is good at writing 
code for different problems hosted on the LeetCode testing platform.",2 days ago,2024-07-07 01:24:58
No Hallucinations Allowed Here: The Role Of AI In The Power System,https://www.forbes.com/sites/sverrealvik/2024/07/02/no-hallucinations-allowed-here-the-role-of-ai-in-the-power-system/,"There is disconnect between the accelerating development of generative 
artificial intelligence – think Chat GPT and alike – and the needs of the 
energy...",6 days ago,2024-07-03 01:24:58
"Power-hungry AI is driving a surge in tech giant carbon emissions. Nobody 
knows what to do about it",https://theconversation.com/power-hungry-ai-is-driving-a-surge-in-tech-giant-carbon-emissions-nobody-knows-what-to-do-about-it-233452,"Since the release of ChatGPT in November 2022, the world has seen an 
incredible surge in investment, development and use of artificial 
intelligence (AI)...",14 hours ago,2024-07-08 11:24:58
Apple's Biggest AI Challenge? Making It Behave,https://www.wired.com/story/apple-intelligence-ios-macos-ai-openai/,"Apple Intelligence will make apps and services smarter. But Apple's most 
notable innovations focus on ensuring the technology doesn't disappoint, 
annoy,...",1 month ago,2024-06-09 01:24:58
AI in Finance,https://www.citigroup.com/global/insights/citigps/ai-in-finance,"Artificial Intelligence (AI) will profoundly change the future of finance 
and money. And according to a new Citi GPS report, it could help drive 
global...",3 weeks ago,2024-06-18 01:24:58
China's top AI models and startups as it competes with the U.S.,https://qz.com/china-top-ai-models-startups-baidu-alibaba-bytedance-1851563639,"Advanced chips and access to many Western-developed AI models aren't 
available in China as the U.S. tries to curb its AI advances.",1 day ago,2024-07-08 01:24:58
Does Your AI Startup Have a Viable Tech Model?,https://www.inc.com/joe-procopio/does-your-ai-startup-have-a-viable-tech-model.html,"Going full conspiracy theory to reveal what's luring tech startups over to 
the AI dark side.",2 weeks ago,2024-06-25 01:24:58
Cloudflare rolls out feature for blocking AI companies’ web scrapers,https://siliconangle.com/2024/07/03/cloudflare-rolls-feature-blocking-ai-companies-web-scrapers/,"Cloudflare Inc. today debuted a new no-code feature for preventing 
artificial intelligence developers from scraping website content.",4 days ago,2024-07-05 01:24:58
Why are AI search engines so bad? Will they get better?,https://www.vox.com/technology/357247/why-are-ai-search-engines-so-bad,"Humans are still better than robots at finding correct answers online. 
Good. by Adam Clark Estes. Jun 29, 2024, 6:00 AM PDT.",1 week ago,2024-07-02 01:24:58
Sapphire 2024: Business AI Saves Joules of Time - SAP Africa News Center,https://news.sap.com/africa/2024/06/sapphire-2024-business-ai-saves-joules-of-time/,"SAP's GenAI assistant, Joule, is transforming enterprise functions and it 
is about to extend its impact.",3 weeks ago,2024-06-18 01:24:58
Exclusive: MediaTek designs Arm-based chip for Microsoft's AI laptops,https://www.reuters.com/technology/mediatek-designs-arm-based-chip-microsofts-ai-laptops-say-sources-2024-06-11/,"Taiwanese chip design giant MediaTek is developing an Arm-based personal 
computer chip that will run Microsoft's Windows operating system, according 
to...",4 weeks ago,2024-06-11 01:24:58
Neo-Nazis Are All-In on AI,https://www.wired.com/story/neo-nazis-are-all-in-on-ai/,"Extremists across the US have weaponized artificial intelligence tools to 
help them spread hate speech more efficiently, recruit new members, and 
radicalize...",2 weeks ago,2024-06-25 01:24:58
"Cheap AI voice clones may wipe out jobs of 5,000 Australian actors",https://www.theguardian.com/technology/article/2024/jun/30/ai-clones-voice-acting-industry-impact-australia,"Industry group says rise of vocal technology could upend many creative 
fields, including audiobooks – the canary in the coalmine for voice actors.",1 week ago,2024-07-02 01:24:58
How IBM and AWS are partnering to deliver the promise of responsible AI,https://www.ibm.com/blog/how-ibm-and-aws-are-partnering-to-deliver-the-promise-of-responsible-ai/,"This partnership between IBM and Amazon SageMaker is poised to play a 
pivotal role in shaping responsible AI practices across industries.",2 weeks ago,2024-06-25 01:24:58
"Exclusive | Apple, Meta Have Discussed an AI Partnership",https://www.wsj.com/tech/ai/apple-meta-have-discussed-an-ai-partnership-cc57437e,"The longtime rivals have held talks about potentially integrating Meta's 
generative AI model into Apple Intelligence.",2 weeks ago,2024-06-25 01:24:58
"We tested new AI laptops, and their best features aren’t the AI",https://www.washingtonpost.com/technology/2024/07/04/ai-laptop-review-copilot-plus-surface-pc/,"SAN FRANCISCO — Gearing up to buy a new computer? Get ready to hear a lot 
about AI. Over the last few weeks, Dell, HP, Samsung, Lenovo and other PC 
makers...",4 days ago,2024-07-05 01:24:58
AI-powered Apple overtakes Microsoft as world's most valuable company,https://www.reuters.com/technology/apple-beats-microsoft-return-worlds-most-valuable-company-2024-06-12/,"Apple once again became the world's most valuable company on Wednesday, 
dethroning Microsoft from the top spot, as the iPhone maker pushed ahead in 
a race...",4 weeks ago,2024-06-11 01:24:58
Working It's guide to AI at work,https://www.ft.com/content/85b528a8-282d-4479-a692-aa2b6f2e8dee,"Talk of how generative artificial intelligence is shaking up our work life 
is everywhere — from its ability to automate mundane everyday tasks, to 
producing...",1 week ago,2024-07-02 01:24:58
14 Top AI Lead Generation Software Platforms (2024): Outreach Revolutionized,https://www.eweek.com/artificial-intelligence/ai-lead-generation-software/,"Artificial intelligence (AI) lead generation software automates and 
improves the process of finding and capturing potential sales leads for 
businesses by...",1 week ago,2024-07-02 01:24:58
EU's new AI rules ignite battle over data transparency,https://www.reuters.com/technology/artificial-intelligence/eus-new-ai-rules-ignite-battle-over-data-transparency-2024-06-13/,"A new set of laws governing the use of artificial intelligence (AI) in the 
European Union will force companies to be more transparent about the data 
used to...",3 weeks ago,2024-06-18 01:24:58
How we created our Google AI Essentials course,https://blog.google/outreach-initiatives/grow-with-google/google-ai-essentials-course-creation/,"In April, Grow with Google launched Google AI Essentials, a course to help 
everyone learn how to make the most of AI. It came after generative AI 
entered...",2 weeks ago,2024-06-25 01:24:58
Can Apple catch up with its rivals in the AI race?,https://www.ft.com/content/346a18e1-8c8c-4495-bafa-a44d0be57c2b,"While Google and Microsoft forge ahead with innovations in generative AI, 
the iPhone maker risks being left behind.",1 month ago,2024-06-09 01:24:58
IBM announces new AI assistant and feature innovations at Think 2024,https://www.ibm.com/blog/announcement/ibm-announces-new-ai-assistant-and-feature-innovations-at-think-2024/,"As organizations integrate artificial intelligence (AI) into their 
operations, AI assistants that merge generative AI with automation are 
proving to be key...",1 week ago,2024-07-02 01:24:58
Apple Spurned Idea of iPhone AI Partnership With Meta Months Ago,https://www.bloomberg.com/news/articles/2024-06-24/apple-spurned-idea-of-iphone-ai-partnership-with-meta-months-ago,"Apple Inc. rejected overtures by Meta Platforms Inc. to integrate the 
social networking company's AI chatbot into the iPhone months ago, 
according to people...",2 weeks ago,2024-06-25 01:24:58
"Excuse Me, Is There AI in That?",https://www.theatlantic.com/technology/archive/2024/06/llm-free-all-organic/678670/,"As soon as Apple announced its plans to inject generative AI into the 
iPhone, it was as good as official: The technology is now all but 
unavoidable.",4 weeks ago,2024-06-11 01:24:58
"Meta AI on WhatsApp is getting smarter: You will soon be able to edit and 
analyse images",https://indianexpress.com/article/technology/artificial-intelligence/meta-ai-on-whatsapp-edit-analyse-images-9439429/,"Meta recently introduced generative Artificial Intelligence (AI) capability 
on its messaging app WhatsApp, and it has already become popular among many.",16 hours ago,2024-07-08 09:24:58
The rise of AI: a look at technology past and present,https://www.telefonica.com/en/communication-room/blog/rise-ai-technology-present/,"Find out more about the history of artificial intelligence. Get a glimpse 
into the past and present of this technology.",5 days ago,2024-07-04 01:24:58
Samsung Showcases AI-Era Vision and Latest Foundry Technologies at SFF 2024,https://news.samsung.com/global/samsung-showcases-ai-era-vision-and-latest-foundry-technologies-at-sff-2024,"Cutting-edge 2nm and 4nm process nodes revealed, as well as turnkey Samsung 
AI Solutions to meet growing AI demand SAFE Forum and inaugural MDI 
Alliance...",3 weeks ago,2024-06-18 01:24:58
"China leads the patents race for generative AI, with Tencent and Baidu 
topping the list",https://www.cnbc.com/2024/07/04/china-leads-the-generative-ai-patents-race-tencent-baidu-top-list-un.html,"China filed more than 38000 of generative AI patents between 2014 to 2023, 
a new United Nations report on Thursday showed.",4 days ago,2024-07-05 01:24:58
Our attitudes towards AI reveal how we really feel about human intelligence,https://www.theguardian.com/technology/article/2024/jul/03/ai-human-intelligence,"We're in the untenable position of regarding the AI as alien because we're 
already in the position of alienating each other.",5 days ago,2024-07-04 01:24:58
Even Apple cannot explain why we need AI in our lives,https://www.ft.com/content/1355ccd9-4a2d-49d2-9e42-250aab0c38aa,"A souped-up Siri and personalised emojis are coming but the most important 
question remains unanswered.",3 weeks ago,2024-06-18 01:24:58
"Apple leaps into AI with an array of upcoming iPhone features and a ChatGPT 
deal to smarten up",https://apnews.com/article/apple-artificial-intelligence-siri-iphone-software-conference-4217d67977f95ead880835a71ecce098,"CUPERTINO, Calif. (AP) — Apple has jumped into the race to bring generative 
artificial intelligence to the masses, spotlighting a slew of features 
Monday...",1 month ago,2024-06-09 01:24:58
McDonalds removes AI drive-throughs after order errors,https://www.bbc.com/news/articles/c722gne7qngo,"McDonald's is removing artificial intelligence (AI) powered ordering 
technology from its drive-through restaurants in the US, after customers 
shared its...",3 weeks ago,2024-06-18 01:24:58
First Miss AI beauty pageant,https://www.npr.org/2024/06/09/nx-s1-4993998/the-miss-ai-beauty-pageant-ushers-in-a-new-type-of-influencer,"Ten models that exist only in the digital realm have made it to the finals 
of what's being billed as the world's first beauty pageant involving AI.",1 month ago,2024-06-09 01:24:58
Apple execs explain why its AI is different from competitors,https://www.cnbc.com/2024/06/11/apple-intelligence-apple-execs-explain-why-its-ai-is-different.html,"Apple fully embraced artificial intelligence on Monday, as company 
executives explained the features and reasoning behind Apple Intelligence, 
the company's...",4 weeks ago,2024-06-11 01:24:58
"I Took a Certification in AI. Here's What It Taught Me About Prompt 
Engineering.",https://towardsdatascience.com/i-took-a-certification-in-ai-heres-what-it-taught-me-about-prompt-engineering-679a01dd6183,"With the goal of keeping my tech skills ever relevant, I'm currently 
working through a new certification to build upon my experience in AI.",2 weeks ago,2024-06-25 01:24:58
AI is replacing human tasks faster than you think,https://www.cnn.com/2024/06/20/business/ai-jobs-workers-replacing/index.html,"Corporate America is rapidly adopting artificial intelligence to automate 
work once exclusively done by humans.",2 weeks ago,2024-06-25 01:24:58
Has Microsoft's AI Chief Just Made Windows Free?,https://www.forbes.com/sites/barrycollins/2024/07/01/has-microsofts-ai-chief-just-made-windows-free/,"Microsoft's AI chief suggests any content found on the web is effectively 
""freeware"". Does that apply to the company's own operating systems?",1 week ago,2024-07-02 01:24:58
Most stocks hyped as winners from AI boom have fallen this year,https://www.ft.com/content/1e02d0d3-3f0b-4bd1-a79c-9fd45d1b6056,"Artificial intelligence frenzy has powered Nvidia to peak of US equity 
market but elsewhere investors become more selective.",3 weeks ago,2024-06-18 01:24:58
How Will AI Change The Office Of The CFO?,https://www.forbes.com/sites/forbestechcouncil/2024/07/02/how-will-ai-change-the-office-of-the-cfo/,"Based on my experience running my own fintech company, this article 
explores how AI will transform financial operations and change the office 
of the CFO.",6 days ago,2024-07-03 01:24:58
"Google’s AI ambitions comes with ‘big green problem’; and why the company 
is not alone here",https://timesofindia.indiatimes.com/technology/tech-news/googles-ai-ambitions-comes-with-big-green-problem-and-why-the-company-is-not-alone-here/articleshow/111456341.cms,"TECH NEWS : In a groundbreaking move, Google's AI expansion drives up 
greenhouse gas emissions, challenging its quest for net-zero emissions.",5 days ago,2024-07-04 01:24:58
"Bill Gates on his nuclear energy investment, AI's challenges",https://www.npr.org/2024/06/14/nx-s1-5002007/bill-gates-nuclear-power-artificial-intelligence,"Artificial intelligence may come for our jobs one day, but before that 
happens, the data centers it relies on are going to need a lot of 
electricity.",3 weeks ago,2024-06-18 01:24:58
"AI able to identify drug-resistant typhoid-like infection from microscopy 
images in matter of hours",https://www.cam.ac.uk/research/news/ai-able-to-identify-drug-resistant-typhoid-like-infection-from-microscopy-images-in-matter-of-hours,"Artificial intelligence (AI) could be used to identify drug resistant 
infections, significantly reducing the time taken for a correct 
diagnosis,...",13 hours ago,2024-07-08 12:24:58
